,Mkt-RF,SMB,HML,RMW,CMA,Mom
2023-06-28,0.9108585836184644,-0.06141455177777695,0.11314177684079653,-0.8064663958577636,-0.40709641426658943,0.03857622141101991
2023-06-29,0.9148646776582066,-0.06011511775997117,0.11059231966492318,-0.8315722971139612,-0.3806885935265435,0.03009207283378084
2023-06-30,0.9022900858688339,-0.06280648228089789,0.12151780173185447,-0.8315146330888115,-0.4000760905188464,0.036246656762283974
2023-07-03,0.8885080128221547,-0.06597212961626804,0.13026106803637705,-0.8435482702888437,-0.42009439830078454,0.03804091306222875
2023-07-05,0.8975126320827977,-0.06297061528305069,0.12228650215936389,-0.8432960599863967,-0.4083105407279501,0.04728433355100384
2023-07-06,0.8947161612873294,-0.07598155520656136,0.1299235476688601,-0.8435220963830306,-0.4139534114564178,0.046486180839726686
2023-07-07,0.8970580769598826,-0.0788185798468854,0.13270083428465226,-0.8435457545604842,-0.41944684346006805,0.04350581391089535
2023-07-10,0.8965657344696187,-0.050040921562794854,0.1260836931634783,-0.873288281911934,-0.4193146359747393,0.05570318171229873
2023-07-11,0.9238308027227025,-0.0025072814887636963,0.08520733303227535,-0.9379829838437005,-0.3275187045755891,0.07673905941471752
2023-07-12,0.9256535424317407,-0.006236543778134096,0.08623054607686573,-0.9461882870750953,-0.318682021750893,0.07282875033123959
2023-07-13,0.9309929133391257,-0.010907808803266944,0.06950327549779256,-0.9386681039380931,-0.28540665354001693,0.06376538388692687
2023-07-14,0.9278003711764118,-0.008356099319175442,0.05954961808918083,-0.9349761543421882,-0.2612212163213531,0.05485017196578719
2023-07-17,0.9288573952388679,-0.006806288966413471,0.05187136318394195,-0.9249483940185421,-0.2659070465094713,0.05723657650102816
2023-07-18,0.9280180843969879,-0.0021292126894021657,0.05135150355329582,-0.9254350754620968,-0.2653120890540346,0.06270129799660083
2023-07-19,0.9279923896225939,-0.0014667502676184996,0.06331647104754148,-0.9219508474214568,-0.28203785447711033,0.06771136950807871
2023-07-20,0.9213184002058266,-0.021238257548475414,0.0872143440904325,-0.9209298749238108,-0.2786588385599543,0.04003090430135431
2023-07-21,0.9262916168437804,-0.04200451010141762,0.10113938384570284,-0.9292411843773012,-0.29350587023402064,0.03474619859584055
2023-07-24,0.925188800655719,-0.03559160862486796,0.10338853405236559,-0.9245970508743329,-0.3054877301526296,0.04093863739254518
2023-07-25,0.9333064140502236,-0.0427768609196674,0.10175097029207111,-0.9243615371105087,-0.3096727654294133,0.03614141106244192
2023-07-26,0.9354716744503466,-0.03266682286679534,0.09297648235735975,-0.9060109179095863,-0.32242348322992287,0.047848386528432214
2023-07-27,0.9348429438420269,-0.04224350485315681,0.10254998149674739,-0.8927243933272241,-0.38684158658173134,0.0884650597608851
2023-07-28,0.9379313783621686,-0.012910779942252343,0.06679897310299371,-0.8576402047665915,-0.3708421188876705,0.0557516530071296
2023-07-31,0.9264209249050395,0.006533313677460795,0.06252379945489767,-0.8260379387480512,-0.36369468314562614,0.05792372780349747
2023-08-01,0.9284891416925426,0.020162131735661587,0.05777518839416379,-0.8530675211251642,-0.3480221685968591,0.06575058964313862
2023-08-02,0.9359852165863717,0.022254604627467534,0.044640475895624726,-0.8532777888106036,-0.3229228878600678,0.05997046276739271
2023-08-03,0.9314643815244061,0.025691180834512217,0.041958792353806285,-0.8449833189594487,-0.318935510632436,0.05484357666109278
2023-08-04,0.918552757748514,0.040757027434740245,0.05168982382076187,-0.819876663307148,-0.36700588345081253,0.054733823516260154
2023-08-07,0.9595095551057212,0.04711708420298724,0.024646404174291286,-0.8176566509494961,-0.2903646785164538,0.07663447991837294
2023-08-08,0.9492803691073404,0.042146517837519326,0.036208245888052215,-0.8354801371572858,-0.2998055427953123,0.08044340436432697
2023-08-09,0.9792432356470218,0.054689202135499354,0.015217130186765404,-0.8131731407546896,-0.23142192284834917,0.09215666415784496
2023-08-10,0.9773195234805527,0.053163296518452474,0.017605409291339483,-0.837392700559576,-0.23919158699872065,0.08952339942262741
2023-08-11,0.9766871780625495,0.052545263487400296,0.013174486779067254,-0.8357619706663337,-0.23050212114055282,0.08778751331272727
2023-08-14,0.9761848101384571,0.049477577624158164,0.015137334278966047,-0.8330783338114061,-0.2393691908561347,0.08813856065618622
2023-08-15,0.9722937225221009,0.048064695341250574,0.017894941451848195,-0.8354813508447954,-0.23791974041912697,0.0865749728510051
2023-08-16,0.9704605578809458,0.04997957075363618,0.017679462063045603,-0.8366536108767038,-0.24093486796450564,0.0844886417623792
2023-08-17,0.9685288882679539,0.06137998936225336,0.020233434604790462,-0.821900996747282,-0.2683136334386511,0.09539454606354683
2023-08-18,0.9711870647693711,0.059594241755645705,0.03876124907623624,-0.8479889953220239,-0.2838976259788555,0.12774316974255862
2023-08-21,0.9712197304910855,0.06082351032009592,0.03829939071852742,-0.8478285416756857,-0.2834840747107329,0.12856817878592675
2023-08-22,0.9680811211282407,0.07196506352887244,0.029086051184904815,-0.851609792445485,-0.27267825954671826,0.12552437610397688
2023-08-23,0.9699123994237067,0.0634304857752892,0.03495432562550743,-0.8459155317763343,-0.277239786509749,0.11777862474939736
2023-08-24,0.9413092935739249,0.08548037726934682,0.05010768397811445,-0.8300264902189285,-0.32893507849930387,0.12607619319316643
2023-08-25,0.9588668176077801,0.08676240609328703,0.03944772801995536,-0.8343466151265716,-0.3154699600691631,0.13317525652400602
2023-08-28,0.9571363952396279,0.08546895294598555,0.04222193975699583,-0.8340152471202611,-0.3192385233141767,0.13436970694569128
2023-08-29,0.9546047536807993,0.08705519592551517,0.04133692983847978,-0.8345178695431752,-0.32071399364462044,0.13429817259865096
2023-08-30,0.9578008120982366,0.09424853452149484,0.0340938213929813,-0.823028396861874,-0.31856375604279363,0.13343226211970402
2023-08-31,0.9600401405630139,0.09260652946940373,0.036338373411815075,-0.827958122409771,-0.31956531829564416,0.13400820939481137
2023-09-01,0.9665912604789691,0.09170224252843262,0.018586939183719405,-0.8145317990042542,-0.2827450395931757,0.12382187186837533
2023-09-05,0.9599890743106158,0.10603630603918295,0.09363081380860944,-0.7938611010668113,-0.3468945773850935,0.1562267451284435
2023-09-06,0.9866856867667435,0.11736819977243818,0.0791149010141329,-0.7834882771571001,-0.32917929483922487,0.1585820724498031
2023-09-07,0.984923140199448,0.11971280504275705,0.06934800691021197,-0.7765751562714578,-0.32439380520647365,0.15093264240394966
2023-09-08,1.0008818131026187,0.12756218154866827,0.06016000102165173,-0.7588992690623997,-0.324521263632316,0.14761198422493238
2023-09-11,1.0013671671492654,0.13321736780147297,0.056435745174858463,-0.7583867920636709,-0.3227183881696797,0.1481578015190984
2023-09-12,0.994427143200102,0.1246043155779777,0.04895600165311019,-0.7701816109224935,-0.3311257915134378,0.13109480892162004
2023-09-13,0.988235801270513,0.1271099801110111,0.03786762428275588,-0.7667210386591703,-0.306107762995535,0.12842057020271788
2023-09-14,0.993814689411908,0.12732927912945274,0.039865369942146775,-0.771502190214715,-0.30454666027989524,0.12915368197902982
2023-09-15,0.9978536650956152,0.12467273959611952,0.05632850408921153,-0.7783070254463902,-0.30324325926534956,0.1370274964730795
2023-09-18,1.0213840729972021,0.12398910547443051,0.06677606526588317,-0.7712658602934374,-0.29594547845450575,0.15316585282932396
2023-09-19,1.023611556344469,0.1199385188813328,0.07743176242479077,-0.7807887210052911,-0.2974446685993331,0.16275004288456024
2023-09-20,1.02330569498085,0.11912867807430387,0.0813815264160214,-0.7847495314098414,-0.3070665841127981,0.16432996089365515
2023-09-21,1.0287085249083543,0.10642908248389815,0.07838427308177423,-0.7975132421270423,-0.2949314195350129,0.15275208809745114
2023-09-22,1.0472040093196746,0.09555246138226303,0.0759435618015811,-0.8084501991587425,-0.2777097381599125,0.15273653025885772
2023-09-25,1.0485297405039722,0.09760794221275289,0.07275715984114174,-0.8069771136057069,-0.2774600831928708,0.15170262950421756
2023-09-26,1.0517089448718442,0.09637971881457678,0.07484440841288591,-0.8084537833029561,-0.2711153570112776,0.15526889281507478
2023-09-27,1.0609420715525149,0.08598592427253972,0.07412747998979673,-0.8053505065879913,-0.26254126917103554,0.14876166254067724
2023-09-28,1.0614557841428507,0.10261671859482463,0.08536359298739012,-0.8032341850146001,-0.2744122582223398,0.1714952702326311
2023-09-29,1.0677493508155336,0.10862614888194774,0.08168730686385377,-0.793929227746262,-0.26946715919781056,0.1746747273712165
2023-10-02,1.0651193178661815,0.09434586259885774,0.08202054185693386,-0.7971878193744976,-0.26748857676890975,0.1635297919578589
2023-10-03,1.064944399773562,0.08613526557280157,0.07741781351642452,-0.7950873535832306,-0.26774072051567754,0.15902560896614598
2023-10-04,1.0732091245264201,0.09850561413269646,0.054570819343592994,-0.7897136021987565,-0.2760324585582362,0.13770549683108488
2023-10-05,1.0668494755219975,0.09369076528712773,0.07212863097555017,-0.7973223583070679,-0.28278157900696976,0.14840272810645416
2023-10-06,1.0690175775341877,0.10593044487084954,0.05683447953767705,-0.7941207892209186,-0.27944293012328436,0.1417645660871392
2023-10-09,1.0692456824917478,0.1104176744888958,0.06602664354779174,-0.8442813898510484,-0.28631478359818074,0.14941766682722873
2023-10-10,1.073224690890172,0.11455600563235009,0.07194935771296022,-0.8092580183426976,-0.3128848191111262,0.14701526358065659
2023-10-11,1.0736728730035843,0.11444888851592806,0.08023188423708089,-0.8155514306240563,-0.30993053772842993,0.14912989287432754
2023-10-12,1.074673919502645,0.13905581979156606,0.06030425539684896,-0.8001408650457142,-0.28426884684765286,0.16229243534197274
2023-10-13,1.0661295229924046,0.11957499262186783,0.08113823269434585,-0.7881575827601142,-0.30486375529101534,0.16416189578642099
2023-10-16,1.0684547969553964,0.11593781437393867,0.08274812577535157,-0.7841368889939527,-0.2944808641445388,0.16537229303416456
2023-10-17,1.0649650990861463,0.1096804248982769,0.08641155421144876,-0.7892241027206748,-0.277421840672715,0.17288128945803402
2023-10-18,1.0780681534898675,0.10925245212500131,0.12535252946157982,-0.8108920828180182,-0.2597403526819543,0.20302491891404834
2023-10-19,1.080626256564903,0.10402130821197376,0.10787847119842209,-0.7871550270637323,-0.23771047333713513,0.1902615104860934
2023-10-20,1.085944974570764,0.0982886701135463,0.1039211322547141,-0.7901541246494534,-0.2179339275401263,0.18804255321343266
2023-10-23,1.0921644618949475,0.0877408491758491,0.11123478207953102,-0.7890999924394958,-0.23074912096457809,0.1787563320029692
2023-10-24,1.0947646629880252,0.0869422929160916,0.11351617418629974,-0.7908775698294372,-0.225062642830589,0.1744020055503233
2023-10-25,1.054748725077347,0.14834346129277137,0.0590623393006981,-0.7766246903382855,-0.26809168225237007,0.1490836753977188
2023-10-26,1.074440744536324,0.15618501405266533,0.07321234360765534,-0.731116774150585,-0.2614742342807512,0.14719702047019861
2023-10-27,1.0921998225046758,0.15607375077124258,0.08148901373718062,-0.7172140370441287,-0.2832960598500298,0.13134037111074304
2023-10-30,1.0466569403386696,0.16439264208847962,0.14434108229011577,-0.7267960953210058,-0.419154147213499,0.19620615215705606
2023-10-31,1.0702985238139067,0.18615719934255215,0.046661270756740404,-0.6300184650207795,-0.3443114956490324,0.12616226179436
2023-11-01,1.0689387001825628,0.18705485412931638,0.04833106482828441,-0.6267548745566334,-0.3467862980624681,0.12769387195683496
2023-11-02,1.0631686910555782,0.20811798317977767,-0.008203811500781241,-0.6003987455235615,-0.31162550538803524,0.08412658159917509
2023-11-03,0.9681571973672456,0.26310369884850254,-0.08180128630329292,-0.5691483023750582,-0.3973746332650919,0.09503686924018914
2023-11-06,0.9695376267161021,0.2826313298138364,-0.08919640224780491,-0.5823361925646164,-0.4062312436922365,0.0883552344071436
2023-11-07,0.9747247404122978,0.27589168840948414,-0.10242519079432624,-0.5552117196806345,-0.391643872362167,0.09227410585561951
2023-11-08,0.9574703502743711,0.28976662373397566,-0.13594570090365493,-0.5251426129620225,-0.35496875283911744,0.1130536235773851
2023-11-09,0.9478999505205401,0.2959290395132033,-0.1286010919508257,-0.5360972720754138,-0.35581571840336124,0.1168890349759742
2023-11-10,0.9487610265704315,0.29561466930596175,-0.1357539581964371,-0.5375171476966327,-0.34208081231619286,0.11835452280975575
2023-11-13,0.9562671240161362,0.3160149627617368,-0.15930721324166724,-0.5311803208265649,-0.3910687944887503,0.08949173560190832
2023-11-14,0.9825410670230889,0.3104157210845754,-0.1839602132698958,-0.5243091562657656,-0.3594810382391147,0.09797228734383445
2023-11-15,0.9635473088096624,0.2654007582683257,-0.15640053400801635,-0.5462058021166195,-0.3441507320132759,0.12726142357176323
2023-11-16,0.972481647317702,0.2681756094498091,-0.1765861754856577,-0.513692152519091,-0.34422561680247826,0.11015153991171525
2023-11-17,0.970964086687466,0.3151054372476913,-0.2110987766289559,-0.46536629249265204,-0.32755870348714566,0.1045521335520684
2023-11-20,0.9936775242102502,0.3272911480873495,-0.21662648148428443,-0.4482349147410058,-0.22357237634296498,0.14152737210492455
2023-11-21,0.9971695627429016,0.3274033487778161,-0.20880525254618498,-0.4398096256606383,-0.23093034856057795,0.14410014008878327
2023-11-22,1.008200483185762,0.3338830541454681,-0.20319077661149018,-0.43701322639044,-0.25387311192280027,0.14167773212827278
2023-11-24,0.974223641803155,0.31836205975557624,-0.19342350854708823,-0.4580976641362732,-0.3025980580440431,0.14815753816153138
2023-11-27,0.9880884124586056,0.3448565258247366,-0.20664253519995127,-0.40585172419226195,-0.2850646869248152,0.14972338962142037
2023-11-28,0.9918872155269085,0.3409202879640306,-0.2119491242107367,-0.4044829410377966,-0.27542747739217893,0.14377587044927
2023-11-29,0.9966025840826535,0.3362982202829037,-0.21255868452907598,-0.39971427150884015,-0.247689578256809,0.12625377918637398
2023-11-30,0.9940128229389554,0.33414738854849746,-0.20780857567638797,-0.4080236776444559,-0.25451883542323706,0.12427834561810464
2023-12-01,1.0115363860118465,0.3117498178488517,-0.1996186769696784,-0.4259904333917143,-0.20362611242814238,0.13486376604945097
2023-12-04,1.0251638118699704,0.35699018750454076,-0.23477487675594386,-0.39825660803173346,-0.17875506846208586,0.11616610046226994
2023-12-05,1.0290385906755155,0.33499237713491475,-0.2231526522023422,-0.4013664626516487,-0.23105511064798767,0.10172166700868646
2023-12-06,1.0385781032975256,0.34289687907767646,-0.2418290121251593,-0.37555029358469266,-0.2123529416202242,0.09272434455181514
2023-12-07,1.0298827663847983,0.3507163425682051,-0.2301879202512237,-0.3803149140466012,-0.22040459129559165,0.11278984068246939
2023-12-08,1.022421547203956,0.36070984026709607,-0.23768672253285522,-0.3819590915555103,-0.2243756232408911,0.11789482140670186
2023-12-11,1.0124237890043022,0.37447558754885213,-0.2506546515544317,-0.3787967489242581,-0.24566041982419393,0.11549854786355279
2023-12-12,1.0047373780400723,0.3695363070992957,-0.25278996838590734,-0.3888956905509526,-0.3027162622019382,0.09088943003027312
2023-12-13,1.0120385999345094,0.3687349486424641,-0.29619194483859734,-0.3687195068238274,-0.3144024525809268,0.06652546465182099
2023-12-14,1.01206722884066,0.36668030705446103,-0.2884786884362486,-0.37795415930274023,-0.3200298682937733,0.05954060462075574
2023-12-15,1.0081764703907004,0.39381494435359293,-0.2928768236418794,-0.37928310380829067,-0.3743058940134834,0.05135800348309197
2023-12-18,1.021384636121779,0.4116190423489068,-0.3260867752898082,-0.34695183549623576,-0.3988263425608396,0.022220974346157385
2023-12-19,1.0181729797184076,0.40250298081860286,-0.3196825900972832,-0.3511999998946596,-0.39159326221061624,0.010219341006504998
2023-12-20,1.0348439318601117,0.4122097456021234,-0.3264291106067981,-0.31221237760656806,-0.3445958101615047,0.015781035714440797
2023-12-21,1.0502229647369519,0.40549705897111976,-0.3334705262025527,-0.3205337573666031,-0.3406653300995809,0.004723498480434893
2023-12-22,1.0500794281164048,0.4052566782691876,-0.3331659916088705,-0.3204938524460023,-0.34061824318695844,0.004732220686194763
2023-12-26,1.054141306380497,0.42944164797654966,-0.3360487775603296,-0.2874623954062383,-0.34728011300781403,0.01487804710602178
2023-12-27,1.0537392435526585,0.42713185561701306,-0.34949539981005817,-0.2772974601283257,-0.33475654478688827,0.00978038398498808
2023-12-28,1.0557559773382097,0.42705766634296,-0.3539163843214109,-0.27160453928118256,-0.33017216335661115,0.0075712380235202215
2023-12-29,1.054036447238635,0.38994024104294533,-0.3516388295735693,-0.2225660393696555,-0.43150510291077593,-0.05683379160326651
2024-01-02,1.0451246737684907,0.398244511913924,-0.3510862662901355,-0.22275442544639043,-0.44645412156754033,-0.05019780994741538
2024-01-03,1.0467957215138604,0.3851121149816656,-0.342481463235051,-0.2176133940741647,-0.4639718930569475,-0.07349317930405512
2024-01-04,1.0432835665963804,0.36142684719328644,-0.32177039948733643,-0.23640905607249219,-0.508953767200945,-0.07954409728546488
2024-01-05,1.0399992152344875,0.36376152898612846,-0.33014997623273673,-0.24007584607442436,-0.5059719578818597,-0.0819428641331494
2024-01-08,1.0396872931751169,0.36638278157642346,-0.3375618556518907,-0.23510687564294414,-0.5042877924996646,-0.08581246866952193
2024-01-09,1.035842621773868,0.36016422844860035,-0.3289330735076197,-0.2368831408398455,-0.5006686635524046,-0.0859468300931102
2024-01-10,1.0307459922803113,0.3901221213764625,-0.35554670878107547,-0.23413105647892185,-0.46912802136085296,-0.04758255122757718
2024-01-11,1.020263086656818,0.397589875516498,-0.35884273968667857,-0.23859523094536672,-0.5521794611299354,-0.06690264191942488
2024-01-12,1.022608580408757,0.39563634713588436,-0.3717072828628051,-0.23321816697535983,-0.5450238057261513,-0.07395301662279333
2024-01-16,1.0269406135035763,0.3906169080989585,-0.35959357803652225,-0.2230341051918626,-0.5541245363382946,-0.08098847248928902
2024-01-17,1.0186316144548901,0.377493595523468,-0.34273962174453126,-0.24658342514836393,-0.5481240086559708,-0.06845191125454862
2024-01-18,1.0234707274346841,0.36537756950068834,-0.3327730325341758,-0.26017547849410205,-0.4968228459329914,-0.08277636942942249
2024-01-19,1.0032454981123746,0.3496339026714274,-0.3051615436871022,-0.30208023256132693,-0.5079132514674551,-0.08012003875485345
2024-01-22,1.0005210150451027,0.35815068882129464,-0.32176247756498055,-0.30025273476544484,-0.5156331469100595,-0.08723100958992808
2024-01-23,1.0082170595844255,0.34927398263430287,-0.31454366169566333,-0.26805411704933413,-0.5215521649050797,-0.09416429559590284
2024-01-24,0.9943077838285768,0.3604209445767183,-0.28030667285184696,-0.2748388173482005,-0.5562427360005912,-0.0692912629006564
2024-01-25,0.9998921316997853,0.36348671194842824,-0.2900539585555357,-0.27907409645642167,-0.5745045567317513,-0.07592962597478672
2024-01-26,1.0106131243333438,0.3471574758394476,-0.2920267242407994,-0.299395246994066,-0.5112155686603611,-0.06776608476364111
2024-01-29,0.98466446561647,0.34086681267780017,-0.2519988774485635,-0.32653334193320804,-0.6240261717534237,-0.08111619102525285
2024-01-30,0.9776280377102033,0.3561408757822201,-0.2686692817871857,-0.3382771598373732,-0.6384779477985317,-0.08233992727863716
2024-01-31,0.9796345740760063,0.3511469492675003,-0.2480591712599723,-0.32557008958230393,-0.620804422905409,-0.0684956160194065
2024-02-01,0.9675427148809923,0.3605731054364659,-0.2724246468553261,-0.2995688506386417,-0.6265544306547735,-0.0873456498239426
2024-02-02,0.9424274066825136,0.3316006702577408,-0.17200009704453406,-0.35593884883414173,-0.6411558800582775,-0.047389319268341126
2024-02-05,0.9366780768372442,0.30572949770956476,-0.12845283764948934,-0.39180473566463947,-0.77204331030338,-0.04870484368970437
2024-02-06,0.9391891198129793,0.3084378106726323,-0.13010925433266096,-0.3853478628415907,-0.7903004919269655,-0.0594718793591098
2024-02-07,0.9691641598616174,0.32587468859152147,-0.306270934278487,-0.37094250200720613,-0.6326287941975679,-0.15342036542515164
2024-02-08,0.9754236446021735,0.3254139962561497,-0.30830805221616486,-0.3627529234293745,-0.6506946878125108,-0.1565805332786996
2024-02-09,0.9027623523375492,0.4663741331144168,-0.3620702675197904,-0.34553290051107477,-0.8364726476298489,-0.1739297703618921
2024-02-12,0.9084380796536866,0.42373549467815314,-0.3448310913871816,-0.3502694541549929,-0.8070384403933674,-0.19639652406118374
2024-02-13,0.9083053664040364,0.4254375722937005,-0.34956917376654023,-0.34125094894959485,-0.8447259314729098,-0.2113659333701463
2024-02-14,0.8895631792512476,0.40917615818308595,-0.36880364117773595,-0.3476624659646007,-0.8345783696679625,-0.2120990231402604
2024-02-15,0.887215299823638,0.41025788989253265,-0.37181016023652896,-0.3396037731252217,-0.8369676185634563,-0.21657950902827355
2024-02-16,0.8654722720795032,0.4132689822035375,-0.3698847444662934,-0.33869235646868534,-0.821816096436868,-0.2018129342459923
2024-02-20,0.8674883413316636,0.4068975567611813,-0.38114556986662307,-0.33955743132387095,-0.8167684414995978,-0.21195105185114999
2024-02-21,0.8685700754653255,0.4020696243087057,-0.37937964392593676,-0.33860164003138005,-0.8014250776330126,-0.21182566398139063
2024-02-22,0.8727037506597088,0.40046840583553184,-0.3841453202166318,-0.3265182913016067,-0.7935467872953217,-0.21661533661864102
2024-02-23,0.869860767887773,0.4003865786118548,-0.38019917057970853,-0.3260251945402733,-0.7958900351240623,-0.21762578490966233
2024-02-26,0.8648698440156097,0.38849295005915396,-0.35637602825549736,-0.3419505636233766,-0.8183721188683704,-0.21533093515905233
2024-02-27,0.8688741429623255,0.38079436696245633,-0.36535858551111366,-0.34077787055907455,-0.8113329893325507,-0.22473504718269088
2024-02-28,0.861070998024664,0.3647226127471875,-0.3821479628797958,-0.35585367669779133,-0.8545043556512757,-0.2576033024535177
2024-02-29,0.8734351761293593,0.34929247900946286,-0.38341162143180807,-0.3539402735623487,-0.8228476556764791,-0.26292153436952176
2024-03-01,0.87113765171643,0.34506649720194243,-0.3668707962469767,-0.3594124727744482,-0.8453625255618071,-0.2621458163321937
2024-03-04,0.8665549862540248,0.34140125174759467,-0.35946220051009725,-0.36056361082097943,-0.8562667353122132,-0.2671606197900577
2024-03-05,0.8647315668050968,0.34926746407291587,-0.3431196778739626,-0.3569212215349884,-0.8226559360611604,-0.2409394680268938
2024-03-06,0.8692618697942929,0.3506556945948309,-0.3550749550939411,-0.35793887635513344,-0.8195886384428506,-0.24077577914782822
2024-03-07,0.8704080287638315,0.31638522928848667,-0.3327459013690127,-0.4177695852426176,-0.8287406157986674,-0.24580552044569032
2024-03-08,0.8595975154231701,0.32452847006550833,-0.32679576095211627,-0.4400143919749878,-0.7509386311122939,-0.20826951330206311
2024-03-11,0.8465865855678467,0.32392050283344,-0.32372926594956897,-0.45333181341693685,-0.7434664988210063,-0.20761536352916515
2024-03-12,0.847596260459951,0.3210214535264979,-0.3433000464208569,-0.4422961845082878,-0.7697629815158423,-0.2434218585425752
2024-03-13,0.8358129735993678,0.32534997112943814,-0.3498295991541084,-0.44639418257444885,-0.754328554483481,-0.254065681264536
2024-03-14,0.8356353906639113,0.3323141460636134,-0.3553217200095016,-0.442882048459024,-0.7480012653481595,-0.25065288764414106
2024-03-15,0.8059632340613863,0.3572509986249552,-0.36189962633768624,-0.41869436058213805,-0.7648501336024996,-0.24603888747213576
2024-03-18,0.8136106516053716,0.3497490725772872,-0.37344928694621804,-0.41744123878718736,-0.7747512841423077,-0.25541503466511095
2024-03-19,0.8225858928812624,0.33951822214055216,-0.37285850282745203,-0.41188175073147104,-0.7806967934174329,-0.2632855993554598
2024-03-20,0.7868662783068251,0.3537852426509738,-0.38233282337640734,-0.43066551223711613,-0.8170990217191798,-0.26365824105613755
2024-03-21,0.7970002128652767,0.32858092368477837,-0.38132122945835367,-0.44458143161401564,-0.818261617135014,-0.2863269312992843
2024-03-22,0.7930793838949906,0.32411287182057785,-0.35518952091466166,-0.45938054589978927,-0.8092655227807586,-0.26865491292177257
2024-03-25,0.8006550688374767,0.32993576545080916,-0.3413509473518338,-0.4629792250972503,-0.7717287795368619,-0.25176384697605353
2024-03-26,0.7990803588116426,0.3301963308681602,-0.3424728662101941,-0.4607078863832188,-0.7785978330763527,-0.2532025262301556
2024-03-27,0.7595248177026762,0.33938145910146467,-0.3735388558560094,-0.45756476178704864,-0.8318893076095969,-0.289714379853149
2024-03-28,0.7401179235952088,0.3421578653584251,-0.3779566663636338,-0.46036585817272735,-0.8658508740105427,-0.29320956992606684
2024-04-01,0.7350200740355645,0.33987195531669545,-0.3822611875736611,-0.4711848766897616,-0.8750224164239949,-0.29387109568864417
2024-04-02,0.7335048615292878,0.34771386896012113,-0.37486225703224196,-0.46997421814851903,-0.8443461044330248,-0.27889831076967037
2024-04-03,0.7335556720611476,0.3473801308999402,-0.37586035898289694,-0.5020433481182094,-0.8043060137976696,-0.2623795726686756
2024-04-04,0.728059435684099,0.35394265996168894,-0.38214824302287437,-0.4978964188251461,-0.8102995201198154,-0.2601689975582576
2024-04-05,0.7516336332816869,0.3467529061590508,-0.36909481956050993,-0.500812250667564,-0.7593465600292008,-0.23393698236474764
2024-04-08,0.7497270786375466,0.35036537401249385,-0.3706401328740508,-0.505229877381781,-0.7495445363315185,-0.2339626948046766
2024-04-09,0.7477739466308668,0.35167455640166395,-0.3745394226630634,-0.5046501956309083,-0.7538832681002599,-0.2389636567834744
2024-04-10,0.7451079870436703,0.3500530389379938,-0.3257798389266565,-0.5225059841028044,-0.704576368358041,-0.18054605530180096
2024-04-11,0.7624804955480387,0.34154829766619554,-0.3140115815877004,-0.5303028876484766,-0.6806648997873421,-0.17199216616512691
2024-04-12,0.7663081228090105,0.3288546147625568,-0.3042534562763132,-0.5473225288804283,-0.6908325125732002,-0.18076789770268006
2024-04-15,0.7824847591562947,0.3260435933963026,-0.30120038310516634,-0.5475882354007874,-0.6646066165578436,-0.17245500147614196
2024-04-16,0.7638098898037471,0.3423359463056426,-0.30408007275170496,-0.5384537495958581,-0.6332111041151949,-0.15277955804006238
2024-04-17,0.7596819350381391,0.34471436295015245,-0.30900313912795363,-0.5357519694724426,-0.6480810993006587,-0.1554088685847676
2024-04-18,0.758972480449402,0.3336143819719585,-0.30261724533116,-0.5523975925635662,-0.630862568390008,-0.15425917417386897
2024-04-19,0.7481503208878441,0.3390967843689313,-0.2946419456832535,-0.5306233297446501,-0.6444444270022922,-0.16047796171698958
2024-04-22,0.7447273223983413,0.3396934660330072,-0.2756834505254486,-0.5332336115220992,-0.6002374317338557,-0.14709594649324192
2024-04-23,0.8113137651345637,0.29162281939262125,-0.2721562748275859,-0.5606872156380478,-0.4212557489446329,-0.14455821982208308
2024-04-24,0.8211502076225797,0.2776060302296687,-0.2710449206190634,-0.5658056822000096,-0.39669466602438025,-0.14824445954289353
2024-04-25,0.8224831421613675,0.270239531582831,-0.2719281998494887,-0.5615288677260715,-0.41717399713448733,-0.16597304798865609
2024-04-26,0.8326725175997095,0.2623240845475347,-0.25423682462919595,-0.578828875061204,-0.4004742211002663,-0.14992513789939327
2024-04-29,0.9762533067547117,0.16663930471473265,-0.14749196103363482,-0.5965118784771488,-0.2294676981906843,-0.14217050642354875
2024-04-30,0.9737442904276207,0.1683046217149958,-0.1546965999561631,-0.5812866624018416,-0.232914149749884,-0.144940230599914
2024-05-01,0.9823427786428464,0.1690286725635938,-0.13243791215302908,-0.5950481359886031,-0.26713098222206816,-0.1495861193798952
2024-05-02,1.0393426548546207,0.15685971031934837,-0.15178661975078434,-0.4777306966739176,-0.21788567340403298,-0.16632624141218416
2024-05-03,1.0465414424130897,0.14578272557660715,-0.15184034538947339,-0.4827695580699352,-0.16473907517352643,-0.15367360633400542
2024-05-06,1.0485652155275447,0.1465533785469497,-0.15759829200476494,-0.48885649506488515,-0.14738835747260026,-0.15133625406200368
2024-05-07,1.004891404242516,0.1478667140440666,-0.14307098076263045,-0.5402532053347361,-0.2203849223970174,-0.16645425785391044
2024-05-08,0.9928779012581741,0.1284975191009408,-0.07999843453850333,-0.5832863147253896,-0.28024373468918495,-0.15726435377125747
2024-05-09,1.0160253944949975,0.14610475000344242,-0.05545860345575773,-0.5280615824434551,-0.3254638606275121,-0.18449755557440795
2024-05-10,1.0126210233670325,0.14714042731839586,-0.054677947744854856,-0.5304074326091831,-0.3249886676851932,-0.17946109560776297
2024-05-13,1.0050941238905122,0.1184727300751135,-0.03315047146675453,-0.5876933257333776,-0.34126733507367923,-0.17436090265999712
2024-05-14,1.0063750497919495,0.11552499732629191,-0.05585558907054582,-0.5797973914577571,-0.3556322164804891,-0.19993803246903122
2024-05-15,1.0055365874089848,0.11902603229110073,-0.058488032820692,-0.5742485822320663,-0.3569870029044673,-0.20295094801298982
2024-05-16,1.0115303778822247,0.11268775475313925,-0.058145492252001524,-0.5779251919393,-0.3403394364115744,-0.19488921168517565
2024-05-17,1.0134518855438166,0.11712577585392256,-0.04821118716627959,-0.5894064800865866,-0.3474869723922397,-0.18175770054943766
2024-05-20,1.0107508226296276,0.10601872849293151,-0.02293515214299459,-0.6185657496750137,-0.3454645637778842,-0.16953587070432413
2024-05-21,1.0150271079381747,0.09899544769939173,-0.01258959135396169,-0.6253163586275956,-0.3252193555100441,-0.16139933645807536
2024-05-22,1.0129742104613801,0.11634341655634758,-0.01804389034271492,-0.6206107092166013,-0.2851856473568096,-0.1347736456569139
2024-05-23,1.0105683391782856,0.11436693891327117,-0.013539393542091036,-0.6279837406392428,-0.2963139396347202,-0.1384101949626958
2024-05-24,0.9795061088340847,0.14441991761953543,-0.021383301518213667,-0.6090900377341519,-0.37875848369517895,-0.1553496854099839
2024-05-28,0.9683061962478835,0.12024899896908203,-0.01723730812420822,-0.6287975214152666,-0.400621984056393,-0.15107417217687263
2024-05-29,0.9729363213004137,0.13262940279654128,-0.017317070615362862,-0.6268260532743333,-0.320479691737897,-0.12453692663930634
2024-05-30,0.9652251655591302,0.13267761564492916,-0.025540885895891166,-0.6263858130072438,-0.32132162844815926,-0.11856946676624674
2024-05-31,0.9571830933649628,0.0703925581177705,-0.026157954509649556,-0.6974733277782672,-0.5091331860200968,-0.20807749894011932
2024-06-03,1.0153079356429298,0.06057397397820219,-0.021622384702614766,-0.6354372767234711,-0.4144800493031013,-0.20516818057512679
2024-06-04,1.0151321643539697,0.060771656651866124,-0.02280307400782819,-0.6345316507138484,-0.4162890977799147,-0.20660049750113835
2024-06-05,1.0182419347503973,0.06810873406104044,-0.020807974355153677,-0.6263960914557907,-0.39663403624829213,-0.19549939836901023
2024-06-06,1.0168063035039565,0.06687796611374515,-0.019861265802319283,-0.624127501789912,-0.3954314848392355,-0.19778776969077747
2024-06-07,1.0198516219016216,0.05992515230343681,-0.015262359352551602,-0.6320377606612749,-0.4174189394597768,-0.21433056192770933
2024-06-10,1.0114860620067962,0.06801688098151176,-0.0382783026207492,-0.6379211825379528,-0.42603514094572426,-0.212118452837307
2024-06-11,1.0089239119536704,0.06838233257403235,-0.04089248790279172,-0.6380298613224799,-0.4254519310591795,-0.2082877159186236
2024-06-12,1.0121772698179745,0.06548417028840996,-0.02886165929603847,-0.6394915585975116,-0.4083753311201181,-0.19019165817470368
2024-06-13,1.0100515355637012,0.06103766475432011,-0.02885185184799173,-0.6454606298889447,-0.40959108049229337,-0.19490388455582208
2024-06-14,0.9936336553357557,0.07431550042724414,-0.036229773352338054,-0.6174808699660038,-0.3942633783999865,-0.17755321004133756
2024-06-17,0.9942211399366689,0.0676550919554805,-0.03886346303082085,-0.6188102176077294,-0.3849389464247016,-0.17651452710099091
2024-06-18,1.0105513100500125,0.06496538539422719,-0.03668590024035061,-0.6133285536084109,-0.3615547061395234,-0.17843555318610826
2024-06-20,1.0101805393480467,0.06690320262561783,-0.023261024502056582,-0.6168392872656605,-0.36466395650064753,-0.1705461169952523
2024-06-21,1.0084085291841562,0.07102140242589386,-0.021608873267793344,-0.6153934277029509,-0.3699332366431472,-0.16798984675387063
2024-06-24,1.0159595413898515,0.06387755493499175,0.008818437691057973,-0.5944766867383803,-0.35443488150405406,-0.14136697860391279
2024-06-25,1.015742118629399,0.06560809694926653,0.020930251759120597,-0.5953543280025249,-0.34069271091207787,-0.13708138391065378
2024-06-26,1.0292221055554722,0.06559066087519927,0.02868686086528785,-0.5992537107894578,-0.2645755238898061,-0.11397428580082414
2024-06-27,1.0309742702386002,0.07020812185586667,0.024938140754465946,-0.5929870129833216,-0.2687285033962864,-0.11829395165476653
2024-06-28,1.0247861132383433,0.07164729144518493,0.018506294269911225,-0.625788274913273,-0.2865115724916949,-0.12555449120243986
2024-07-01,1.0280913015242843,0.057232870929429205,0.03303727434522443,-0.632529783176161,-0.3139191959030363,-0.13991915979360028
2024-07-02,1.0192463049387974,0.06439535137542415,0.04162309468873311,-0.6337108358624549,-0.3279160310391109,-0.14675472964816383
2024-07-03,1.014959160758564,0.07042727175599338,0.024492522786874887,-0.6427416462820014,-0.28082804390077,-0.12310374983011259
2024-07-05,1.0097406741914654,0.07049715753130416,0.03143998348967483,-0.6447414513177272,-0.2993033402993979,-0.12815565504208692
2024-07-08,1.0120155452105015,0.06616271672293891,0.03434135329801784,-0.6534604169355049,-0.3248929420133698,-0.14567015155747245
2024-07-09,1.0084495241186264,0.064069401650892,0.03885993321800155,-0.6504834074905407,-0.3469591512607151,-0.15217842706664603
2024-07-10,1.0057891282224616,0.11141163879900473,0.015893415969533517,-0.5824342883264206,-0.4527484650915261,-0.21320315526643066
2024-07-11,0.9730045619763902,0.12232930149888359,0.003761605767577114,-0.5904882165524716,-0.5000397101960933,-0.22854595597870775
2024-07-12,1.0172578904897305,0.0747326933649791,-0.023950851338780207,-0.5793596937986187,-0.4170408098681248,-0.22285284574538056
2024-07-15,1.0345978395755067,0.07028933298356839,-0.024332453335960014,-0.5877019082198389,-0.40860636928472904,-0.22829345281051006
2024-07-16,1.04206152398225,0.04574431306728331,-0.0363036680414429,-0.5886751081908664,-0.39736964998897223,-0.24695487711358705
2024-07-17,1.0540551292608895,0.03691634435544894,-0.04516668232234766,-0.5958154242561042,-0.38930203061875673,-0.26392586004683316
2024-07-18,1.042284743622892,0.030351134096548174,-0.018922217948886905,-0.5940231394557959,-0.42954421048999625,-0.2748118490720852
2024-07-19,1.0498936983686151,0.0260837049019942,-0.014216712609639637,-0.5970058578113046,-0.4107941361096595,-0.27136154562088444
2024-07-22,1.0233079968748493,0.0306226299197684,-0.0069594496416645335,-0.6107559788015776,-0.4441141966619419,-0.26248761964623124
2024-07-23,1.0144168577870087,0.023720320660804442,0.005979071021629145,-0.5937655811097596,-0.4676712134988688,-0.27236395382241885
2024-07-24,1.0156040574188507,0.023254567873754323,-0.00023530750143910262,-0.5975633738733206,-0.4701825530243378,-0.27862147606427135
2024-07-25,1.020941236672234,0.024234073534194295,-0.004140300576953158,-0.5946859865141951,-0.46598870630970735,-0.2795886439427978
2024-07-26,1.0150831037185633,0.077027165128608,-0.04977022493273271,-0.5458444174627973,-0.5066062439287691,-0.33442584816909776
2024-07-29,1.0205882641503965,0.138098129376914,-0.11325168156651633,-0.46638116348573555,-0.3975573588103901,-0.33507938500582457
2024-07-30,1.0156389205617082,0.14009509192790676,-0.11045221395812677,-0.474940263314359,-0.3899386805367968,-0.32245288647658027
2024-07-31,0.9957589807896895,0.12982183155373764,-0.025027647328097414,-0.44581471683143714,-0.4420508400138166,-0.2467617903347364
2024-08-01,1.0076140081638192,0.138717600765278,-0.04833031460236465,-0.4356439913820369,-0.36011511641556965,-0.23533395091883325
2024-08-02,1.100607145153825,0.026548713308038138,0.04638982709762468,-0.46323134553809253,-0.25564930488201454,-0.23718302358637805
2024-08-05,1.0835220955544442,0.04356179253163448,0.014419585396517123,-0.44506042248453315,-0.24343730799933064,-0.24048854648378373
2024-08-06,1.0432890828253487,0.04414459016877544,0.00900654901503782,-0.4655429163138261,-0.2560427165715474,-0.22671076762514492
2024-08-07,1.066917098042412,0.0712854653845624,-0.003910640852332385,-0.45753285791723164,-0.234217633539105,-0.22228201802446618
2024-08-08,1.062422176073507,0.06913148399116925,0.002278016945581121,-0.43619289846190923,-0.24100103174265575,-0.2223853690319097
2024-08-09,1.1042468383741144,0.06718112694270681,0.007617288102689954,-0.44833553044495017,-0.22861247401036155,-0.23856683112036503
2024-08-12,1.106432146013283,0.0670330201729418,0.014183141843838107,-0.4461530440244382,-0.2259058194848484,-0.223326827295178
2024-08-13,1.0964004450333844,0.06170197086434798,0.012436725843713428,-0.45477175214327126,-0.19152794296396897,-0.19620195057061748
2024-08-14,1.1550293534147071,0.05518118549283335,-0.03416037809474021,-0.47523958095420604,-0.08487058528508712,-0.22690374295534146
2024-08-15,1.1442993347918657,0.07469358966698159,-0.049249570002976764,-0.46628105107768053,-0.08507328034169032,-0.23627728283504268
2024-08-16,1.150594521327177,0.08522123364248277,-0.06089264758818082,-0.46036861989854183,-0.0775649957827077,-0.23812591151451803
2024-08-19,1.162653244465745,0.06892730799753374,-0.04612213559965027,-0.45983329615956753,-0.07313893705691271,-0.24740696252159194
2024-08-20,1.1557959194644043,0.08150845434340373,-0.04817173047361315,-0.40831113334458496,-0.0920144157703838,-0.2504903353485546
2024-08-21,1.1561898958831756,0.08429192716720138,-0.04815499860651549,-0.40654016446948227,-0.09240858680552658,-0.24966248022894116
2024-08-22,1.149765807154669,0.09042657763533966,-0.06407502780573465,-0.40462033955553545,-0.07823399240726706,-0.25125195148671764
2024-08-23,1.14863310213202,0.08904133955535762,-0.05738100032715346,-0.4065797354189079,-0.080279028026565,-0.24536905537022013
2024-08-26,1.1448473937587655,0.07577928453814359,-0.05766889625875979,-0.41264383454741144,-0.09097818627540061,-0.25177240342367
2024-08-27,1.1429011346001725,0.07850611489743003,-0.05494777883818971,-0.3980354662283898,-0.08512885661126207,-0.25411327326150124
2024-08-28,1.1363709325821356,0.10924435763046059,-0.07065418285101654,-0.32212203748137985,-0.06719793502903385,-0.24403122013605136
2024-08-29,1.155350506006235,0.09765987882467592,-0.06339962861285535,-0.3177517489222671,-0.09180907104861455,-0.25903266311020734
2024-08-30,1.1559243420632537,0.0974049536311699,-0.06398511422754369,-0.31495869623497896,-0.08800910372293647,-0.2566518778711269
2024-09-03,1.153431865442006,0.10183228995664449,-0.0717231901765978,-0.3010304830292678,-0.08162012617406866,-0.2664182088395872
2024-09-04,1.1536371693593024,0.08842863502129736,-0.05407828762264516,-0.2991945876433006,-0.10571308139314381,-0.2585185398350809
2024-09-05,1.1684804255947943,0.0737543942242102,-0.029982567110338688,-0.2904547971658867,-0.11325028514807123,-0.2578002697630125
2024-09-06,1.1718890321031625,0.07181465231700936,-0.018025192723512513,-0.30625474343581566,-0.11818809485056317,-0.25753158701000173
2024-09-09,1.1388324369967369,0.09337437619190031,-0.028250021190822282,-0.2979571352593877,-0.10490891698410959,-0.24472947340090856
2024-09-10,1.144421745635297,0.04494660302670461,-0.010275218626234098,-0.4039558247159288,-0.08764428637952482,-0.23327599346824746
2024-09-11,1.1431300383212495,0.0457273712600688,-0.004579275811727818,-0.40291759607649447,-0.08568277738042968,-0.22926548134718222
2024-09-12,1.1434738040293244,0.048505749294424486,-0.025885061993238045,-0.4009494274301295,-0.06325833376963574,-0.22507648395960744
2024-09-13,1.1424120765625219,0.05034731950680295,-0.03235867547159997,-0.3995496787238521,-0.06352856481552227,-0.22782847261957523
2024-09-16,1.1390108539709283,0.058889415590786906,-0.042872040947224785,-0.3919551670950028,-0.06498937109821284,-0.2243632795447939
2024-09-17,1.1459203845024395,0.056419528282796075,-0.033509627831806776,-0.3832403695460482,-0.07408489637059473,-0.22643824053435618
2024-09-18,1.150483864797984,0.05381549739130623,-0.03317698373226159,-0.3747233991804166,-0.07556382071432488,-0.22858941925506832
2024-09-19,1.1746958119555566,0.057197998318420123,-0.0219505756335671,-0.3623894895784659,-0.06424907396537671,-0.25672686058591326
2024-09-20,1.161011470732161,0.05816347013405673,-0.021283694815316886,-0.3655791724524151,-0.06159528122132657,-0.26305831573873206
2024-09-23,1.1594469648611654,0.055219914937285064,-0.022491167313320688,-0.3654181665343435,-0.06450665041331721,-0.2617993709552381
2024-09-24,1.1467961960387636,0.05668420601105133,-0.020282766089687036,-0.3753356889741316,-0.055394258525300166,-0.24650822267271458
2024-09-25,1.148784253756258,0.05199443329070687,-0.019336044301057558,-0.37800727400094986,-0.05625304419646637,-0.252247660476686
2024-09-26,1.139234788002232,0.049534913211318254,-0.0236432409201568,-0.386614101191727,-0.04891683181104267,-0.24418502113197638
2024-09-27,1.1394314974800681,0.04934529424518032,-0.023528335441183816,-0.38761759543016455,-0.0514111354015252,-0.2417337277674263
2024-09-30,1.1398990708299908,0.04786652109356296,-0.02213578737037594,-0.38424395925262045,-0.0516731973987693,-0.2383200714203384
2024-10-01,1.1466311527977844,0.04778222650641785,-0.03405623600215048,-0.37889332720762814,-0.05387072115907848,-0.2621442794274158
2024-10-02,1.1449524795192647,0.04673312169330618,-0.03442632559088501,-0.3848868502362275,-0.051275146944905314,-0.25804411332308086
2024-10-03,1.1397119707738153,0.04043964307051273,-0.03084566251201884,-0.4054301693826847,-0.04229665380379477,-0.25093592717444124
2024-10-04,1.1438651255561223,0.03669672753849677,-0.02520404066896305,-0.40675724327454765,-0.036657824617949475,-0.24695897266273936
2024-10-07,1.1578404840078247,0.027489090307963426,-0.010616108930182874,-0.43250626656428975,-0.05127085709433932,-0.25057100158277595
2024-10-08,1.1707335238402792,0.023286925340828685,-0.005829478429045562,-0.4325869059195735,-0.06697109321400285,-0.2598091970329899
2024-10-09,1.1705981471952658,0.02473282720352185,-0.008180178644976027,-0.43199456714265116,-0.06644551355430442,-0.2558963021237016
2024-10-10,1.171359883136951,0.024698173253871553,-0.00854433450180108,-0.4312983896551654,-0.0674678932613128,-0.2558666997633896
2024-10-11,1.1710945106122157,0.018533407099047577,-0.005460164880688498,-0.43230749779033845,-0.06268461477272946,-0.25938849654584306
2024-10-14,1.174911822374236,0.013387515938215827,0.00026938869812784955,-0.43512595656643793,-0.06347501756738883,-0.25998709156953725
2024-10-15,1.1744132622191348,0.015773470109745308,0.002548367157121832,-0.43550685806283773,-0.07829224281879746,-0.25860699413884425
2024-10-16,1.17789307233481,0.014516766248143076,-0.001762743773205247,-0.43171851217984214,-0.07185783878669885,-0.2575715370321455
2024-10-17,1.1742278790614553,0.01472356707614178,-0.007166902345873576,-0.4242290052547692,-0.07374851822051126,-0.259194575996364
2024-10-18,1.1713234958382301,0.012610059979371757,-0.00606510586380915,-0.4432770455506021,-0.07864166751124643,-0.25447072864984244
2024-10-21,1.1707146864661029,0.006347410852251739,-0.0055280307076003565,-0.45674154629887814,-0.07838175633584504,-0.2549649155539865
2024-10-22,1.1659051204692676,0.01045456837301656,-0.0028957723708208857,-0.4609670041492817,-0.07834133050460498,-0.25703940093559885
2024-10-23,1.1289330840451566,0.011709449036558489,-0.010392198914048585,-0.5878513604375355,-0.08257804460199686,-0.2561361966396623
2024-10-24,1.1337967302460323,0.017061771996080916,-0.014483528060290768,-0.5834270374692685,-0.09159038616808451,-0.254931135157873
2024-10-25,1.1472396805964098,0.024116522063614837,-0.03130431151169104,-0.574526253131089,-0.12942393036678682,-0.2696110192666626
2024-10-28,1.1330205887821339,0.03748243628772688,-0.07857094109823022,-0.5622167667447842,-0.13965816031105543,-0.28842024349688855
2024-10-29,1.1269944730618524,0.05435441859766854,-0.12158120506604858,-0.5193314764814827,-0.1139840499982128,-0.306079118412573
2024-10-30,1.1124649892312028,0.06326863658033212,-0.14481667587121258,-0.5671332735389552,-0.1298504933368679,-0.3027299486324008
2024-10-31,1.1164578436311712,0.063379853276567,-0.14267480319612533,-0.5638768571127929,-0.1302009609190397,-0.30717888106737123
2024-11-01,1.0818631023208822,0.061341403525574684,-0.1457432808086946,-0.5469315186024232,-0.10148412124162842,-0.3293466616882407
2024-11-04,1.0824640163466288,0.05262055737782308,-0.12406038202662556,-0.5519655339398662,-0.1077184327648982,-0.3131786052695015
2024-11-05,1.073235766822695,0.07140009405250615,-0.14572200441099104,-0.5316145434463447,-0.09356541784257424,-0.31565845575691953
2024-11-06,1.0834371990732359,0.08658407265238191,-0.14583277791185037,-0.5303138420034367,-0.10413452830979583,-0.3023588770472885
2024-11-07,1.0271293191085422,0.07390724757882328,-0.23633958821493425,-0.5515604578338346,-0.03436933487675148,-0.363030706431966
2024-11-08,1.0269774044102762,0.09984759903167303,-0.2820226421878854,-0.5126209139587002,-0.025708663430571765,-0.3722698324715375
2024-11-11,1.0292900167042416,0.1005232334755812,-0.2849698957106863,-0.5000293097301356,-0.01911348807803681,-0.3802050978424241
2024-11-12,1.0384116295822121,0.08731619367068881,-0.27255826994754384,-0.5232003398283792,-0.04650870853843281,-0.3957455428600729
2024-11-13,1.037227767336998,0.08784515901994638,-0.2765473946873574,-0.5360862200477526,-0.0545988346134364,-0.40194265872467927
2024-11-14,1.0485758134441066,0.06754429902944872,-0.26477940106942016,-0.5633412635696787,-0.05051193221948613,-0.42604462580998725
2024-11-15,1.0459963680512199,0.06593897499667103,-0.2631221394074828,-0.5651842779723938,-0.04675058362463225,-0.4251340019789678
2024-11-18,1.033150596165924,0.04123721194339434,-0.22942419863557292,-0.5989122698038494,-0.05824383047663734,-0.41971416351102475
2024-11-19,1.0225139574010302,0.05745261937287105,-0.23528964570490812,-0.5825692047725641,-0.037727220612657764,-0.40478575712175996
2024-11-20,1.0132203528250319,0.1098052717579669,-0.2271387036415885,-0.4784237905973643,0.04904284143228674,-0.4120248333517746
2024-11-21,1.002585158502972,0.10941123352551532,-0.23258176663444405,-0.5046789436094081,0.029959689454219895,-0.40593415394858706
2024-11-22,1.0088463955263263,0.11802080432559148,-0.22962992347728756,-0.5055002426570887,0.06243800459414017,-0.4136479754756667
2024-11-25,1.0133090286466848,0.10691803481403374,-0.22827780946077098,-0.5476210768586337,0.03200750783185413,-0.43032202686616955
2024-11-26,1.014844191044261,0.10925917805206493,-0.22990990200857464,-0.5410237611093092,0.034235686993436654,-0.43807687627591435
2024-11-27,1.0132232944012194,0.11321341194468877,-0.23071937312987856,-0.5386972503405699,0.03677090397733643,-0.43542014855940314
2024-11-29,1.019069952669542,0.10909677954901723,-0.2290928641480899,-0.5051161710756568,0.04464878083197138,-0.42631060690190975
2024-12-02,1.018918976042114,0.10869719228004633,-0.22698138375427518,-0.5040378777282035,0.0465085906661625,-0.4281291862742065
2024-12-03,1.0184290710433872,0.11118363307106076,-0.23551398584191469,-0.4998794022425044,0.04348437914402398,-0.43021199092638934
2024-12-04,1.013687222924109,0.12048758937766327,-0.2465973002215422,-0.4694692770250529,0.032041133986574794,-0.4023353610815803
2024-12-05,1.0128794359873323,0.11655572350637626,-0.24495149242242434,-0.48681487923520084,0.029314296300235437,-0.4042255982857568
2024-12-06,1.0128019361830436,0.11670890998391416,-0.24439752940347617,-0.4859161347778258,0.029330852119276135,-0.40339218016146045
2024-12-09,1.0114887617297288,0.11892868094562233,-0.240044214837363,-0.4726245158150549,0.04395625916921747,-0.40065923265743897
2024-12-10,1.0014955152514071,0.11767741269281526,-0.23355681016565877,-0.5072973152683804,0.0400006892465645,-0.36950553075684445
2024-12-11,1.0035086137092657,0.0860177089205481,-0.21538078544221884,-0.5696461697405273,0.0517029812938018,-0.38687184431124305
2024-12-12,0.9971552318782799,0.06506440425838379,-0.2239091415300622,-0.6511617055061958,0.050650324761483234,-0.429962296255069
2024-12-13,0.9967931469027945,0.0642569792371672,-0.22625525379365052,-0.6508782448320256,0.044346600581550405,-0.42802412934556777
2024-12-16,0.9926335300863587,0.0679252718326606,-0.24013756145055953,-0.642058060355921,0.004624293618175734,-0.40981289995217374
2024-12-17,1.0084873857322325,0.06365377250636894,-0.22587104283227555,-0.5923972682679373,0.05413990891488199,-0.4302160981258105
2024-12-18,1.0146612990839339,0.07932608552040502,-0.220832312408833,-0.5411939410633055,0.06489585754724608,-0.4089743144934947
2024-12-19,1.0073383716560973,0.08212485747426251,-0.22085787594331868,-0.5373673250832018,0.07528430386689469,-0.4065938880212624
2024-12-20,1.00778152782918,0.08308027609455977,-0.2231606415142933,-0.5148206295845879,0.06863585563991964,-0.38976551928710845
2024-12-23,1.0267348566996626,0.047271991781109565,-0.20100782697248348,-0.5546033421271327,0.06633026432284111,-0.4111877643022561
2024-12-24,1.0134850332866683,0.06398088095683568,-0.2124199995727426,-0.5572947366608244,0.058078064714835675,-0.3997811782695925
2024-12-26,1.008629649388511,0.06753314219860439,-0.21418295429291545,-0.5567415016858421,0.06468515977956138,-0.3999763270605154
2024-12-27,1.004589255047353,0.0730049447944973,-0.2155281705857943,-0.557170552052445,0.07572019728637625,-0.3946672354827088
2024-12-30,1.0038247529884954,0.027522243061295026,-0.16968284365006417,-0.6352909845310097,0.12007515083779122,-0.3895048476439651
2024-12-31,1.0306872114072032,0.014645420039101215,-0.1483030199925817,-0.6130037330623996,0.13492418259181468,-0.3901218179629531
2025-01-02,1.0069517358046947,0.059686861341164604,-0.156419845003124,-0.6207264830065264,0.1447190233862962,-0.37675772766821525
2025-01-03,1.0103482851903687,0.0597255273315391,-0.15595618338679074,-0.608965083616295,0.1377726679420059,-0.3761186449971655
2025-01-06,1.0056825484252239,0.0752392861262395,-0.15633199747499432,-0.5922123127589368,0.1331326418412166,-0.3648307960289052
2025-01-07,0.9942402924961633,0.11008450272343065,-0.1686415150555146,-0.5610638724259939,0.11974240891870583,-0.35018243377455016
2025-01-08,0.9928341215717873,0.12531605974079985,-0.18142199147675214,-0.5439736632579059,0.148854149471294,-0.3201633057857426
2025-01-10,0.9917513190024925,0.12960007328842943,-0.18251125563844117,-0.513871800743297,0.1566610492405613,-0.3058537369584162
2025-01-13,1.0079683450216883,0.12005992985518019,-0.17855464921635714,-0.4957351952172163,0.17117177886952567,-0.3226197433223401
2025-01-14,1.0190314658371902,0.13140021514177924,-0.1781093100609082,-0.47429328349152017,0.19753487147069543,-0.3230744240938945
2025-01-15,1.01161367776508,0.15237238413888943,-0.17063049128612442,-0.45877486266789863,0.1995053832369984,-0.3000250922650095
2025-01-16,0.9899900673663504,0.16297664746841506,-0.18291256399952371,-0.4488254553353433,0.2216006191059443,-0.3201249421614639
2025-01-17,0.9988494044749258,0.10835519140348408,-0.17201532474868964,-0.45674116094052863,0.19161866767798297,-0.28109661157539373
2025-01-21,0.9933915993341238,0.09367322701206829,-0.16393841974766993,-0.4765801932209321,0.18629837778045535,-0.2795232145686245
2025-01-22,0.9974222475810106,0.09624489553257767,-0.17344169305441753,-0.4716489528139488,0.18465302698404665,-0.2851967259493288
2025-01-23,0.9978223575981012,0.09177108092394098,-0.1814885551854637,-0.469678958864802,0.2011264915474104,-0.2775053712208141
2025-01-24,1.0169824823319051,0.08831788474345065,-0.18815212153856234,-0.4391317056754626,0.24076859760012773,-0.2826655792139181
2025-01-27,0.9920557559963318,0.07803688703103907,-0.21628557618274546,-0.41916290914203663,0.1531709311599718,-0.27104409383384226
2025-01-28,0.9960770108262358,0.029672903610954843,-0.18877409502342468,-0.479820870116127,0.10659312230174794,-0.33911323616915395
2025-01-29,1.0072525669332946,0.02718495790491142,-0.19847351097872248,-0.474607021330065,0.11231317007172834,-0.32634772001888623
2025-01-30,0.9964691741039282,0.03536281591925117,-0.1986985760908717,-0.46956500881880703,0.09438896076654912,-0.3243857543976931
2025-01-31,0.9979523253841588,0.03574356947343699,-0.2000980720609649,-0.47216850514043085,0.10360646620332578,-0.32807582251865613
2025-02-03,1.0156051107728024,0.06392445633325619,-0.1972758947475254,-0.3987120073930292,0.185821595157208,-0.3507863036601969
2025-02-04,1.0054926330487295,0.06403178010079764,-0.1984210236177101,-0.42080555619300425,0.1850725153091195,-0.3616605582221687
2025-02-05,1.0117332236946386,0.10729756156334974,-0.2149235734487791,-0.4104129760191445,0.14747716513916675,-0.3566042398189898
2025-02-06,0.9429204260011266,0.12713957761418615,-0.2137880463505396,-0.4253376479457915,0.05782756363708064,-0.2932423858376224
2025-02-07,0.9471427433726658,0.11596782874381487,-0.21111840272030274,-0.43252455703434173,0.0581439011310097,-0.29822539644027873
2025-02-10,0.9317646959598215,0.10780624484796406,-0.2037806414068612,-0.4505225920315608,0.0523302513146,-0.29021545846536184
2025-02-11,0.9268204428730223,0.11233461154494577,-0.2095084939110174,-0.4473406502517324,0.03877021935768639,-0.2853748254219467
2025-02-12,0.9083054914933797,0.10284791733667467,-0.21233230688039484,-0.5627057606813638,0.033717018577283785,-0.28691886716357284
2025-02-13,0.8769466210005705,0.03305207501107736,-0.2016429157192528,-0.7109284619348313,0.009976724848488272,-0.2992571974020741
2025-02-14,0.8591974686489849,0.04603732105237228,-0.21181555980215344,-0.7086779688160584,-0.0033608575370427454,-0.29352322351797006
2025-02-18,0.8606167292901471,0.052098656493346496,-0.2250010560713563,-0.7013154726817372,-0.025590567394666447,-0.2944423519186709
2025-02-19,0.8623985718629892,0.062052995208208436,-0.222546179507027,-0.6995510787186813,-0.012868421064110618,-0.2946419126882093
2025-02-20,0.8466220634868671,0.07584641485591559,-0.2226480320301614,-0.7167795396976651,-0.020527939545829738,-0.2816525962619883
2025-02-21,0.8400147192559383,0.08455542487576437,-0.22131757267417396,-0.7291367619299135,-0.036830944433087,-0.26725128801830456
2025-02-24,0.8489386010142735,0.09405436395047798,-0.2261650081478369,-0.7228378432119678,-0.04349938865939387,-0.25856164169035545
2025-02-25,0.8367741791465366,0.11214431859497088,-0.24212762834065577,-0.7331298708246234,-0.0588487854259499,-0.24487154864008873
2025-02-26,0.8460250829942807,0.14410981539987933,-0.2535920767599762,-0.6335341660273222,-0.05490127221574342,-0.2390017133304422
2025-02-27,0.8732082078225378,0.1450076799082446,-0.26715373343801563,-0.595053055751037,-0.07197594700328111,-0.2660877764360085
2025-02-28,0.8398973096931264,0.14147258274880453,-0.25732465089904966,-0.628966117231228,-0.11083590500458944,-0.26145762267759903
2025-03-03,0.8217060804786709,0.16394205864791372,-0.28021004455303167,-0.6260164976812804,-0.11643003992208927,-0.2697224599304178
2025-03-04,0.8317373135225661,0.1552849447913142,-0.27665889060948046,-0.6281701665103574,-0.12053966269087815,-0.27421954462055464
2025-03-05,0.8332274700478268,0.18261985156766564,-0.26145534642561036,-0.5748037984207595,-0.12584758326736545,-0.260136731373609
2025-03-06,0.8687720346358566,0.16306110848146999,-0.2821925123308644,-0.5923241279124308,-0.15688871029471788,-0.29680976145456656
2025-03-07,0.8695351632265993,0.13638818329747793,-0.2593655935798113,-0.646552349076511,-0.17643743057227,-0.27140429607399114
2025-03-10,0.8525520703270446,0.13455066206641098,-0.25298021387440217,-0.6672490286409674,-0.19780942577955127,-0.2546360794180506
2025-03-11,0.8733915101022749,0.10100219139640537,-0.2432066706153021,-0.6934620131197924,-0.22123652975491112,-0.2544230747510899
2025-03-12,0.8591669411975404,0.11060172459317945,-0.250006794973213,-0.7041857715730641,-0.2143341045969299,-0.2474101402379248
2025-03-13,0.8576057751575954,0.11379188204548851,-0.24837751396236107,-0.7056488916739867,-0.21294508078873747,-0.24420712278665893
2025-03-14,0.8632056278553366,0.12131420480865167,-0.2599314444733114,-0.6949696105517467,-0.2286282776411005,-0.2448948272084013
2025-03-17,0.8698544847524141,0.12641794276458398,-0.2641318349750164,-0.6834637666237329,-0.23116258120241154,-0.24452052207890418
2025-03-18,0.8689590532982497,0.1255549556990074,-0.2654233601014355,-0.6818318282867933,-0.23408694769612837,-0.24267032946681383
2025-03-19,0.8802512200498032,0.11236644999339027,-0.26757061478895516,-0.6785640430950532,-0.24196785453184996,-0.25024281424056594
2025-03-20,0.8823056125523838,0.11806067935400774,-0.27133289631742097,-0.6713156346999025,-0.2417093902780864,-0.24623069009479176
2025-03-21,0.885402439782538,0.12485190356773902,-0.2733193735463456,-0.6670868051442791,-0.24368374869780288,-0.250049321063467
2025-03-24,0.8862387737424756,0.12522554283738324,-0.2711968332132085,-0.668811339181516,-0.2394229069445149,-0.25191468585017385
2025-03-25,0.8849014504983147,0.12574272646182877,-0.2707601633812109,-0.6694094090627946,-0.23721562046074948,-0.25319867254212564
2025-03-26,0.8822686252935683,0.12832460249899896,-0.27136879061096303,-0.679821012010173,-0.2307000865794581,-0.2597252177507126
2025-03-27,0.8764277877654989,0.13383944518610807,-0.26882070472933683,-0.654524708120698,-0.2388748511439591,-0.2564690601409917
2025-03-28,0.8808105108608557,0.13028517213721852,-0.2691383210663196,-0.6518083490137687,-0.24520187076470765,-0.2573095346702703
2025-03-31,0.8885161927033478,0.12885999899556708,-0.2720332847156353,-0.6585888946064098,-0.25675114500798674,-0.268490839731425
2025-04-01,0.8743058335668497,0.13198618612257546,-0.27836520387855346,-0.6540718996207335,-0.25409439135510803,-0.2615175448773234
2025-04-02,0.865664531845085,0.13671108952334002,-0.2748670221286163,-0.6515611325632251,-0.2335851272960767,-0.253879317703745
2025-04-03,0.8648895908788248,0.13608779575840263,-0.2742550339298424,-0.6508141783503378,-0.23245498111712587,-0.25299449886892084
2025-04-04,0.9356031322534211,0.13474937630641795,-0.2645714406914108,-0.6296712439975456,-0.2007306005637744,-0.301519118727394
2025-04-07,0.8948551870312929,0.20181762885089427,-0.2886644052724028,-0.6006647079739276,-0.19656664932502532,-0.27625018302500526
2025-04-08,0.8954037859948064,0.20818519795357984,-0.28799717874988906,-0.5980421105039219,-0.19563111110990097,-0.27525037142798897
2025-04-09,0.8969131047547116,0.20810843965150386,-0.28689454929754066,-0.5956211700105858,-0.18573896041982096,-0.2716680853959969
2025-04-10,0.9069601937347296,0.2174905815978143,-0.2933610379663377,-0.5933274846118235,-0.1953507165605514,-0.2794314921154637
2025-04-11,0.9015303262267456,0.22054095185349443,-0.29667529754072175,-0.587759762619624,-0.19828491412215382,-0.27103718509412245
2025-04-14,0.8994619135126927,0.22693202244348643,-0.2892508696904139,-0.5799341871194712,-0.18416208812196744,-0.2677483376273094
2025-04-15,0.9000683406084423,0.22772242878128998,-0.28602804501242074,-0.5822585082742808,-0.18201464912832627,-0.26663231377647983
2025-04-16,0.8996764714137525,0.2119444603073287,-0.2981569349223688,-0.578141227947367,-0.18733513719019587,-0.2724790150961328
2025-04-17,0.9005172627575014,0.20857502732169253,-0.29575038031010437,-0.5787956486127297,-0.19082470406168736,-0.27242390281701645
2025-04-21,0.8992720209805323,0.20546979220465356,-0.293447726363651,-0.5826593541024279,-0.1886839516449764,-0.2718433405823619
2025-04-22,0.903905439335061,0.19957190736650154,-0.28238474975692907,-0.5751370770666768,-0.1670584332227196,-0.26197640704433034
2025-04-23,0.9098221710950647,0.20259370494020928,-0.25457770777225414,-0.5818586017064803,-0.13800164213305233,-0.25614464994356806
2025-04-24,0.9102686154066223,0.21589315872787004,-0.2505372645563948,-0.5905103729140443,-0.132644779358373,-0.2526510303448309
2025-04-25,0.9086366949441339,0.21990901271224417,-0.25042838220077634,-0.5783252982730542,-0.13118498927029754,-0.24692970385652474
2025-04-28,0.9083954847515932,0.2204484610805127,-0.2478980258417367,-0.5799572774201652,-0.12880162150439234,-0.2473218185681489
2025-04-29,0.9177331691308561,0.2200209428576663,-0.2535795849225328,-0.5736949608039547,-0.1535957635557615,-0.2320580426707351
2025-04-30,0.9162365194277527,0.22768845333925342,-0.2633304116801814,-0.5741064378703511,-0.15003237440297762,-0.2359562848344645
2025-05-01,0.9177350613078008,0.22725722597598752,-0.25375203389181156,-0.5784617224828129,-0.15735619766980635,-0.23360209858901154
2025-05-02,0.9015229439110313,0.16922267666164786,-0.2263696026958853,-0.6651184835883672,-0.12963226220165086,-0.270890916597502
2025-05-05,0.93821742199792,0.25646658988397275,-0.15152300563897517,-0.627415323422378,-0.13576535065929535,-0.22792304404837216
2025-05-06,0.9432838906490153,0.271415540116295,-0.10277909125208277,-0.6360779665522398,-0.1250691293337213,-0.21898701513697533
2025-05-07,0.9430221454349162,0.27747633215335754,-0.11112259528901589,-0.6413117842520114,-0.15249193201496117,-0.21505084725571064
2025-05-08,0.942534874368339,0.27002882816576984,-0.1121458380628266,-0.6407414076769643,-0.13378755093661965,-0.2160323800885876
2025-05-09,0.942820294574868,0.26438271477112174,-0.11162128281315278,-0.6372810312604029,-0.1331651332554258,-0.2137148642716491
2025-05-12,0.9388214859978052,0.27962050678457073,-0.11924091014832816,-0.6433746882486194,-0.1248767303934214,-0.20810645279729173
2025-05-13,0.9336801517176554,0.281470164778746,-0.1073713686477828,-0.6504628546744966,-0.12407603239119408,-0.19128133532730057
2025-05-14,0.9345438595617804,0.29249199413590665,-0.12981431235372343,-0.6389241765949706,-0.11376994234949439,-0.18974874293008934
2025-05-15,0.9355842395972609,0.2816400090991207,-0.1322861203395154,-0.6429890748011,-0.13172854698699413,-0.1926806108574087
2025-05-16,0.9307211406594458,0.300968021760613,-0.15049293436080102,-0.6428673529221944,-0.10281803317556185,-0.18211145566899498
2025-05-19,0.9307854554171857,0.29947513474511334,-0.14670552629487393,-0.6395098364514422,-0.10042111133360457,-0.17969852274062317
2025-05-20,0.9283275614435726,0.26670746728310823,-0.15992518104196507,-0.6397608411308224,-0.14800144389161288,-0.18551450841831896
2025-05-21,0.9262279552944006,0.2484633030261295,-0.16467076920259316,-0.6353054140088655,-0.13377759397201272,-0.1866706713508536
2025-05-22,0.9265486909131948,0.24089695015738793,-0.16054728287157827,-0.6414633724166492,-0.1235855587726212,-0.18736902701826308
2025-05-23,0.9257649212620966,0.24140409016665626,-0.16322850254547971,-0.6420787422962188,-0.12068743075203447,-0.18805014076894705
2025-05-27,0.9269144634533679,0.23379740546535738,-0.17189180468030563,-0.6442935950584066,-0.1218923999529414,-0.20950619295141515
2025-05-28,0.9235455547488763,0.22664253906109916,-0.17214881920247657,-0.6506799845545724,-0.12836067287222797,-0.20976672945663072
2025-05-29,0.9263297056989959,0.23167609906466913,-0.1704233839384981,-0.6454976415764058,-0.1348949751751781,-0.2093711923360433
2025-05-30,0.9240670060260865,0.24979308126141694,-0.15330267003609513,-0.6702528558858454,-0.12236016639280436,-0.22092278003803711
2025-06-02,0.9266939028392562,0.2480308946853555,-0.15704391066863463,-0.6588659442310005,-0.15118040866273413,-0.21061960517790174
2025-06-03,0.9266395273069882,0.2538999910915267,-0.15650581276404824,-0.6571922515791518,-0.14979441659877227,-0.21082561464128166
2025-06-04,0.9242557930986994,0.24491794423434338,-0.16629617199724842,-0.6688011972250635,-0.18600058352050824,-0.2066467755515198
2025-06-05,0.9269819522991025,0.24477245555661808,-0.15508843540075792,-0.665909541455496,-0.18706133161514676,-0.20633706496852475
2025-06-06,0.9285571359106832,0.2551504783880419,-0.1605194882026514,-0.6481876416738915,-0.20056482963004546,-0.2027017079009953
2025-06-09,0.9298182932176897,0.2610056636059391,-0.1589854775943123,-0.6498872469987416,-0.20063222617516227,-0.2028595697069251
2025-06-10,0.9301480450109894,0.2684578009109513,-0.16161704807226068,-0.6485154578075165,-0.20328692821405656,-0.20028222522066236
2025-06-11,0.9269614337007974,0.27743157370067884,-0.1597419719049742,-0.6562081809728656,-0.19164646175991729,-0.19286133423606902
2025-06-12,0.9218576801125331,0.29354567735739073,-0.18942657119573186,-0.6835039197091429,-0.27044216157860074,-0.18214688510539004
2025-06-13,0.9207912973275713,0.28617717302082457,-0.1951832695956118,-0.6829945288481295,-0.27599691161451534,-0.18573545342856507
2025-06-16,0.9334137479099978,0.32006146172870165,-0.18684266240642683,-0.6874029171804599,-0.30279962594984944,-0.17262957720805425
2025-06-17,0.9321616668491781,0.312329717105848,-0.1856158273798849,-0.691932143834292,-0.3079589279169451,-0.17854401507412426
2025-06-18,0.9320676122476692,0.32792921136535014,-0.2057259642843812,-0.65319351005228,-0.3414588576880845,-0.17084414748377183
2025-06-20,0.932478119360233,0.3239208321483573,-0.20576463813992707,-0.6512503871148645,-0.3368056334453776,-0.17143419086229422
2025-06-23,0.9351816855172159,0.3248997705007943,-0.20547437759367995,-0.6490505163252923,-0.34580285416512,-0.1682693500508366
2025-06-24,0.9287391726829405,0.30896447768439317,-0.20610484225495962,-0.6637500650065479,-0.33448896138028594,-0.18480586720570996
2025-06-25,0.9296910370972082,0.3095054768193224,-0.20602437498525267,-0.6484178004359727,-0.3389510992916758,-0.17992343233338515
2025-06-26,0.9300479432897896,0.31103401895942845,-0.2074372262917385,-0.6486750654467361,-0.3437187890884889,-0.1795482865422486
2025-06-27,0.9296550105438983,0.3094452149751416,-0.20769361538098474,-0.6483612693538412,-0.3431635109010574,-0.18053263243503082
2025-06-30,0.92783350379179,0.3084057025975462,-0.20729007312852726,-0.657967160900094,-0.3464695058181567,-0.18352125884195733
